"","Impfdosen","Altersgruppe","Todesrate COVID-19","Hintergrundrisiko SVT lt. DRG","Beobachtete SVTn nach Impfung","7-Tage-Fallrate","angenommenes zusätzl. SVT-Risiko","mgl. zusätzl. SVTn","Todesfaelle verhindert durch Impfung","Todesfaelle verhindert bei doppelter Inzidenz"
"1",1779470,"ohne Differenzierung",0.0282756916056659,1.31e-06,8.125e-06,0.00096,6.815e-06,12,48,97
"2",593157,"0-59",0.00139816267539112,1.27247351588196e-06,7.5e-06,0.00112,6.22752648411804e-06,4,1,2
"3",593157,"60-79",0.0501244453524208,1.33838532942711e-06,6.25e-07,6e-04,0,0,18,36
"4",593157,"80+",0.201830905847529,1.50440852928156e-06,0,0.00057,0,0,68,136
